-- phpMyAdmin SQL Dump
-- version 5.2.1
-- https://www.phpmyadmin.net/
--
-- Host: 127.0.0.1
-- Waktu pembuatan: 11 Sep 2023 pada 10.03
-- Versi server: 10.4.28-MariaDB
-- Versi PHP: 8.0.28

SET SQL_MODE = "NO_AUTO_VALUE_ON_ZERO";
START TRANSACTION;
SET time_zone = "+00:00";


/*!40101 SET @OLD_CHARACTER_SET_CLIENT=@@CHARACTER_SET_CLIENT */;
/*!40101 SET @OLD_CHARACTER_SET_RESULTS=@@CHARACTER_SET_RESULTS */;
/*!40101 SET @OLD_COLLATION_CONNECTION=@@COLLATION_CONNECTION */;
/*!40101 SET NAMES utf8mb4 */;

--
-- Database: `db_sekolah`
--

-- --------------------------------------------------------

--
-- Struktur dari tabel `admin`
--

CREATE TABLE `admin` (
  `id` int(11) NOT NULL,
  `email` varchar(255) NOT NULL,
  `username` varchar(255) NOT NULL,
  `password` varchar(255) NOT NULL
) ENGINE=InnoDB DEFAULT CHARSET=utf8mb4 COLLATE=utf8mb4_general_ci;

--
-- Dumping data untuk tabel `admin`
--

INSERT INTO `admin` (`id`, `email`, `username`, `password`) VALUES
(1, 'irvanda@gmail.com', 'irvanda', '123'),
(4, 'siapa@gmail.com', 'admin', '202cb962ac59075b964b07152d234b70'),
(7, 'idnssquad89@gmail.com', 'admin', '202cb962ac59075b964b07152d234b70');

-- --------------------------------------------------------

--
-- Struktur dari tabel `alokasi_mapel`
--

CREATE TABLE `alokasi_mapel` (
  `id` int(11) NOT NULL,
  `id_mapel` int(11) DEFAULT NULL,
  `id_kelas` int(11) DEFAULT NULL
) ENGINE=InnoDB DEFAULT CHARSET=utf8mb4 COLLATE=utf8mb4_general_ci;

--
-- Dumping data untuk tabel `alokasi_mapel`
--

INSERT INTO `alokasi_mapel` (`id`, `id_mapel`, `id_kelas`) VALUES
(1, 1, 1),
(3, 2, 1),
(4, 2, 3);

-- --------------------------------------------------------

--
-- Struktur dari tabel `guru`
--

CREATE TABLE `guru` (
  `id` int(11) NOT NULL,
  `nama_guru` varchar(255) DEFAULT NULL,
  `nik` varchar(255) DEFAULT NULL,
  `gender` varchar(255) DEFAULT NULL,
  `id_mapel` int(11) DEFAULT NULL
) ENGINE=InnoDB DEFAULT CHARSET=utf8mb4 COLLATE=utf8mb4_general_ci;

--
-- Dumping data untuk tabel `guru`
--

INSERT INTO `guru` (`id`, `nama_guru`, `nik`, `gender`, `id_mapel`) VALUES
(1, 'arya', '123', '-', 1),
(2, 'wisnu', '0797665', '-', 2);

-- --------------------------------------------------------

--
-- Struktur dari tabel `kelas`
--

CREATE TABLE `kelas` (
  `id` int(11) NOT NULL,
  `tingkat_kelas` varchar(255) DEFAULT NULL,
  `jurusan_kelas` varchar(255) DEFAULT NULL,
  `id_sekolah` int(11) DEFAULT NULL,
  `id_guru_walikelas` int(11) DEFAULT NULL
) ENGINE=InnoDB DEFAULT CHARSET=utf8mb4 COLLATE=utf8mb4_general_ci;

--
-- Dumping data untuk tabel `kelas`
--

INSERT INTO `kelas` (`id`, `tingkat_kelas`, `jurusan_kelas`, `id_sekolah`, `id_guru_walikelas`) VALUES
(1, 'XII', 'TKJ', 1, 1),
(3, 'XII', 'TBSM', 1, 2);

-- --------------------------------------------------------

--
-- Struktur dari tabel `mapel`
--

CREATE TABLE `mapel` (
  `id` int(11) NOT NULL,
  `nama_mapel` varchar(255) DEFAULT NULL
) ENGINE=InnoDB DEFAULT CHARSET=utf8mb4 COLLATE=utf8mb4_general_ci;

--
-- Dumping data untuk tabel `mapel`
--

INSERT INTO `mapel` (`id`, `nama_mapel`) VALUES
(1, 'IPA'),
(2, 'Matematika');

-- --------------------------------------------------------

--
-- Struktur dari tabel `sekolah`
--

CREATE TABLE `sekolah` (
  `id` int(11) NOT NULL,
  `nama_sekolah` varchar(255) DEFAULT NULL,
  `alamat_sekolah` varchar(255) DEFAULT NULL
) ENGINE=InnoDB DEFAULT CHARSET=utf8mb4 COLLATE=utf8mb4_general_ci;

--
-- Dumping data untuk tabel `sekolah`
--

INSERT INTO `sekolah` (`id`, `nama_sekolah`, `alamat_sekolah`) VALUES
(1, 'SMK Bina Nusantara', 'Jl. Kemantren Raya, Jawa Tengah.'),
(15, 'SMP Negeri 13 Semarang', '123');

-- --------------------------------------------------------

--
-- Struktur dari tabel `siswa`
--

CREATE TABLE `siswa` (
  `id` int(11) NOT NULL,
  `nama_siswa` varchar(255) DEFAULT NULL,
  `nisn` varchar(255) DEFAULT NULL,
  `gender` varchar(255) DEFAULT NULL,
  `id_kelas` int(11) DEFAULT NULL
) ENGINE=InnoDB DEFAULT CHARSET=utf8mb4 COLLATE=utf8mb4_general_ci;

--
-- Dumping data untuk tabel `siswa`
--

INSERT INTO `siswa` (`id`, `nama_siswa`, `nisn`, `gender`, `id_kelas`) VALUES
(1, 'Wisnu Pratama', '0986323', 'Laki-Laki', 1),
(2, 'Jaehyun', '0815212', 'Laki-Laki', 1);

--
-- Indexes for dumped tables
--

--
-- Indeks untuk tabel `admin`
--
ALTER TABLE `admin`
  ADD PRIMARY KEY (`id`);

--
-- Indeks untuk tabel `alokasi_mapel`
--
ALTER TABLE `alokasi_mapel`
  ADD PRIMARY KEY (`id`),
  ADD KEY `id_mapel` (`id_mapel`),
  ADD KEY `id_kelas` (`id_kelas`);

--
-- Indeks untuk tabel `guru`
--
ALTER TABLE `guru`
  ADD PRIMARY KEY (`id`),
  ADD KEY `id_mapel` (`id_mapel`);

--
-- Indeks untuk tabel `kelas`
--
ALTER TABLE `kelas`
  ADD PRIMARY KEY (`id`),
  ADD KEY `id_sekolah` (`id_sekolah`),
  ADD KEY `id_walikelas` (`id_guru_walikelas`);

--
-- Indeks untuk tabel `mapel`
--
ALTER TABLE `mapel`
  ADD PRIMARY KEY (`id`);

--
-- Indeks untuk tabel `sekolah`
--
ALTER TABLE `sekolah`
  ADD PRIMARY KEY (`id`);

--
-- Indeks untuk tabel `siswa`
--
ALTER TABLE `siswa`
  ADD PRIMARY KEY (`id`),
  ADD KEY `id_kelas` (`id_kelas`);

--
-- AUTO_INCREMENT untuk tabel yang dibuang
--

--
-- AUTO_INCREMENT untuk tabel `admin`
--
ALTER TABLE `admin`
  MODIFY `id` int(11) NOT NULL AUTO_INCREMENT, AUTO_INCREMENT=8;

--
-- AUTO_INCREMENT untuk tabel `alokasi_mapel`
--
ALTER TABLE `alokasi_mapel`
  MODIFY `id` int(11) NOT NULL AUTO_INCREMENT, AUTO_INCREMENT=5;

--
-- AUTO_INCREMENT untuk tabel `guru`
--
ALTER TABLE `guru`
  MODIFY `id` int(11) NOT NULL AUTO_INCREMENT, AUTO_INCREMENT=3;

--
-- AUTO_INCREMENT untuk tabel `kelas`
--
ALTER TABLE `kelas`
  MODIFY `id` int(11) NOT NULL AUTO_INCREMENT, AUTO_INCREMENT=4;

--
-- AUTO_INCREMENT untuk tabel `mapel`
--
ALTER TABLE `mapel`
  MODIFY `id` int(11) NOT NULL AUTO_INCREMENT, AUTO_INCREMENT=3;

--
-- AUTO_INCREMENT untuk tabel `sekolah`
--
ALTER TABLE `sekolah`
  MODIFY `id` int(11) NOT NULL AUTO_INCREMENT, AUTO_INCREMENT=21;

--
-- AUTO_INCREMENT untuk tabel `siswa`
--
ALTER TABLE `siswa`
  MODIFY `id` int(11) NOT NULL AUTO_INCREMENT, AUTO_INCREMENT=4;

--
-- Ketidakleluasaan untuk tabel pelimpahan (Dumped Tables)
--

--
-- Ketidakleluasaan untuk tabel `alokasi_mapel`
--
ALTER TABLE `alokasi_mapel`
  ADD CONSTRAINT `alokasi_mapel_ibfk_1` FOREIGN KEY (`id_mapel`) REFERENCES `mapel` (`id`),
  ADD CONSTRAINT `alokasi_mapel_ibfk_2` FOREIGN KEY (`id_kelas`) REFERENCES `kelas` (`id`);

--
-- Ketidakleluasaan untuk tabel `guru`
--
ALTER TABLE `guru`
  ADD CONSTRAINT `guru_ibfk_1` FOREIGN KEY (`id_mapel`) REFERENCES `mapel` (`id`);

--
-- Ketidakleluasaan untuk tabel `kelas`
--
ALTER TABLE `kelas`
  ADD CONSTRAINT `kelas_ibfk_1` FOREIGN KEY (`id_sekolah`) REFERENCES `sekolah` (`id`),
  ADD CONSTRAINT `kelas_ibfk_2` FOREIGN KEY (`id_guru_walikelas`) REFERENCES `guru` (`id`);

--
-- Ketidakleluasaan untuk tabel `siswa`
--
ALTER TABLE `siswa`
  ADD CONSTRAINT `siswa_ibfk_1` FOREIGN KEY (`id_kelas`) REFERENCES `kelas` (`id`);
COMMIT;

/*!40101 SET CHARACTER_SET_CLIENT=@OLD_CHARACTER_SET_CLIENT */;
/*!40101 SET CHARACTER_SET_RESULTS=@OLD_CHARACTER_SET_RESULTS */;
/*!40101 SET COLLATION_CONNECTION=@OLD_COLLATION_CONNECTION */;
